{
  "project_info": {
    "project_number": "120278151362",
    "project_id": "appfirebaseauth-f2679",
    "storage_bucket": "appfirebaseauth-f2679.firebasestorage.app"
  },
  "client": [
    {
      "client_info": {
        "mobilesdk_app_id": "1:120278151362:android:82d94be6f6c40a2f194b5b",
        "android_client_info": {
          "package_name": "com.example.appbasickotlin"
        }
      },
      "oauth_client": [],
      "api_key": [
        {
          "current_key": "AIzaSyAbB3Cvw0q1i49sOm89e1L3ZgV_QTY7KgM"
        }
      ],
      "services": {
        "appinvite_service": {
          "other_platform_oauth_client": []
        }
      }
    }
  ],
  "configuration_version": "1"
}